<?xml version="1.0" encoding="UTF-8" ?>
<document>
<!--The data in this file is primarily intended for consumption by Xilinx tools.
The structure and the elements are likely to change over the next few releases.
This means code written to parse this file will need to be revisited each subsequent release.-->
<application name="power" timeStamp="Mon Sep 08 20:39:47 2025">
<section name="Power Data" visible="true">
<item name="Customer">
<property name="Customer" value="TBD" type="PowerCustomer"/>
<property name="Customer Class" value="TBD" type="PowerCustomer"/>
</item>
<item name="Device">
<property name="Family" value="Artix7" type="PowerDevice"/>
<property name="Die" value="xc7a100t" type="PowerDevice"/>
<property name="Package" value="csg324" type="PowerDevice"/>
<property name="Speedgrade" value="-3" type="PowerDevice"/>
</item>
<item name="Tool Data">
<property name="version" value="14.7" type="PowerToolData"/>
<property name="platform" value="win" type="PowerToolData"/>
<property name="CPU" value="11 secs " type="PowerToolData"/>
<property name="Peak Memory" value="4834 MB" type="PowerToolData"/>
<property name="Tool" value="ise" type="PowerToolData"/>
<property name="Num run" value="1" type="PowerToolData"/>
</item>
<item name="Power Settings">
<property name="Temp grade" value="Commercial" type="PowerPowerSettings"/>
<property name="Process" value="Typical" type="PowerPowerSettings"/>
<property name="Settings file" value="No" type="PowerPowerSettings"/>
<property name="Simulation file" value="None" type="PowerPowerSettings"/>
<property name="Simu_net_matched" value="NA" type="PowerPowerSettings"/>
<property name="Netlist_net_matched" value="NA" type="PowerPowerSettings"/>
<property name="PCF file" value="Yes" type="PowerPowerSettings"/>
<property name="Pct_clock_constrained" value="0" type="PowerPowerSettings"/>
<property name="Pct_inputs_defined" value="0" type="PowerPowerSettings"/>
<property name="User_junc_temp" value="0.0" type="PowerPowerSettings"/>
<property name="Ambient temp" value="25.0" type="PowerPowerSettings"/>
<property name="User effective thetaJA" value="NA" type="PowerPowerSettings"/>
<property name="Airflow" value="250" type="PowerPowerSettings"/>
<property name="heatsink" value="Medium Profile" type="PowerPowerSettings"/>
<property name="User ThetaSA" value="NA" type="PowerPowerSettings"/>
<property name="Board selection" value="Medium (10x10)" type="PowerPowerSettings"/>
<property name="Board layers" value="12 to 15" type="PowerPowerSettings"/>
<property name="User ThetaJB" value="NA" type="PowerPowerSettings"/>
<property name="User Board Temp" value="NA" type="PowerPowerSettings"/>
<property name="Junction temp" value="25.4" type="PowerPowerSettings"/>
<property name="Num run" value="1" type="PowerPowerSettings"/>
</item>
<item name="Tool Defaults">
<property name="Input toggle" value="12.5" type="PowerToolDefaults"/>
<property name="Output toggle" value="12.5" type="PowerToolDefaults"/>
<property name="Output enable" value="100.0" type="PowerToolDefaults"/>
<property name="Bi-dir toggle" value="12.5" type="PowerToolDefaults"/>
<property name="Bidir output enable" value="100.0" type="PowerToolDefaults"/>
<property name="Output load" value="5.0" type="PowerToolDefaults"/>
<property name="FF toggle" value="12.5" type="PowerToolDefaults"/>
<property name="ram enable" value="50.0" type="PowerToolDefaults"/>
<property name="ram write" value="50.0" type="PowerToolDefaults"/>
<property name="DSP output toggle" value="12.5" type="PowerToolDefaults"/>
<property name="Set/Reset probability" value="1.0" type="PowerToolDefaults"/>
<property name="Set/Reset toggle" value="1.0" type="PowerToolDefaults"/>
<property name="Enable probability" value="99.0" type="PowerToolDefaults"/>
<property name="Enable toggle" value="1.0" type="PowerToolDefaults"/>
</item>
<item name="Power Results">
<property name="On-chip power" value="88.20" type="PowerPowerResults"/>
<property name="Effective ThetaJA" value="4.6" type="PowerPowerResults"/>
<property name="ThetaSA" value="4.6" type="PowerPowerResults"/>
<property name="ThetaJB" value="8.8" type="PowerPowerResults"/>
<property name="Off-chip power" value="-0.00" type="PowerPowerResults"/>
</item>
<item name="Thermal Power">
<property name="Logic" value="0.00" type="PowerThermalPower"/>
<property name="Signal" value="0.00" type="PowerThermalPower"/>
<property name="Clock" value="0.00" type="PowerThermalPower"/>
<property name="BRAM" value="0.00" type="PowerThermalPower"/>
<property name="DSP" value="0.00" type="PowerThermalPower"/>
<property name="PLL" value="0.00" type="PowerThermalPower"/>
<property name="MMCM" value="0.00" type="PowerThermalPower"/>
<property name="PCIE" value="0.00" type="PowerThermalPower"/>
<property name="IO" value="0.00" type="PowerThermalPower"/>
<property name="GTX" value="0.00" type="PowerThermalPower"/>
<property name="DevStatic" value="88.20" type="PowerThermalPower"/>
</item>
<item name="Supply Power">
<property name="Vccint voltage" value="1.00" type="PowerSupplyPower"/>
<property name="Vccint total current" value="16.76" type="PowerSupplyPower"/>
<property name="Vccint static current" value="16.76" type="PowerSupplyPower"/>
<property name="Vccint dynamic current" value="0.00" type="PowerSupplyPower"/>
<property name="Vccaux voltage" value="1.80" type="PowerSupplyPower"/>
<property name="Vccaux total current" value="13.15" type="PowerSupplyPower"/>
<property name="Vccaux static current" value="13.15" type="PowerSupplyPower"/>
<property name="Vccaux dynamic current" value="0.00" type="PowerSupplyPower"/>
<property name="Vcco33 voltage" value="3.30" type="PowerSupplyPower"/>
<property name="Vcco33 total current" value="4.00" type="PowerSupplyPower"/>
<property name="Vcco33 static current" value="4.00" type="PowerSupplyPower"/>
<property name="Vcco33 dynamic current" value="0.00" type="PowerSupplyPower"/>
<property name="Vccbram voltage" value="1.00" type="PowerSupplyPower"/>
<property name="Vccbram total current" value="0.36" type="PowerSupplyPower"/>
<property name="Vccbram static current" value="0.36" type="PowerSupplyPower"/>
<property name="Vccbram dynamic current" value="0.00" type="PowerSupplyPower"/>
<property name="Vccadc voltage" value="1.71" type="PowerSupplyPower"/>
<property name="Vccadc total current" value="20.00" type="PowerSupplyPower"/>
<property name="Vccadc static current" value="20.00" type="PowerSupplyPower"/>
<property name="Vccadc dynamic current" value="0.00" type="PowerSupplyPower"/>
</item>
</section>
</application>
</document>
