<?xml version="1.0" encoding="UTF-8" ?>
<document>
<!--The data in this file is primarily intended for consumption by Xilinx tools.
The structure and the elements are likely to change over the next few releases.
This means code written to parse this file will need to be revisited each subsequent release.-->
<application name="pn" timeStamp="Sat Sep 06 11:23:12 2025">
<section name="Project Information" visible="false">
<property name="ProjectID" value="776F08D1F9E0455891078C2E4934941C" type="project"/>
<property name="ProjectIteration" value="18" type="project"/>
<property name="ProjectFile" value="C:/Xilinx/CarmenRV_MODBUS/sin func 03 con 2 switches maestro/top_modbus intento 03 mal/TOP_modbus/TOP_modbus.xise" type="project"/>
<property name="ProjectCreationTimestamp" value="2025-06-25T16:56:06" type="project"/>
</section>
<section name="Project Statistics" visible="true">
<property name="PROP_Enable_Message_Filtering" value="false" type="design"/>
<property name="PROP_FitterReportFormat" value="HTML" type="process"/>
<property name="PROP_LastAppliedGoal" value="Balanced" type="design"/>
<property name="PROP_LastAppliedStrategy" value="Xilinx Default (unlocked)" type="design"/>
<property name="PROP_ManualCompileOrderImp" value="false" type="design"/>
<property name="PROP_PropSpecInProjFile" value="Store non-default values only" type="design"/>
<property name="PROP_SelectedInstanceHierarchicalPath" value="/tb_escribe03_simple" type="process"/>
<property name="PROP_Simulator" value="ISim (VHDL/Verilog)" type="design"/>
<property name="PROP_SynthTopFile" value="changed" type="process"/>
<property name="PROP_Top_Level_Module_Type" value="HDL" type="design"/>
<property name="PROP_UseSmartGuide" value="false" type="design"/>
<property name="PROP_UserConstraintEditorPreference" value="Text Editor" type="process"/>
<property name="PROP_intProjectCreationTimestamp" value="2025-06-25T16:56:06" type="design"/>
<property name="PROP_intWbtProjectID" value="776F08D1F9E0455891078C2E4934941C" type="design"/>
<property name="PROP_intWbtProjectIteration" value="18" type="process"/>
<property name="PROP_intWorkingDirLocWRTProjDir" value="Same" type="design"/>
<property name="PROP_intWorkingDirUsed" value="No" type="design"/>
<property name="PROP_selectedSimRootSourceNode_behav" value="work.tb_escribe03_simple" type="process"/>
<property name="PROP_AutoTop" value="false" type="design"/>
<property name="PROP_DevFamily" value="Artix7" type="design"/>
<property name="PROP_DevDevice" value="xc7a100t" type="design"/>
<property name="PROP_DevFamilyPMName" value="artix7" type="design"/>
<property name="PROP_DevPackage" value="csg324" type="design"/>
<property name="PROP_Synthesis_Tool" value="XST (VHDL/Verilog)" type="design"/>
<property name="PROP_DevSpeed" value="-3" type="design"/>
<property name="PROP_PreferredLanguage" value="VHDL" type="design"/>
<property name="FILE_UCF" value="1" type="source"/>
<property name="FILE_VHDL" value="66" type="source"/>
</section>
</application>
</document>
